<?xml version="1.0" encoding="UTF-8" standalone="yes"?>
<manifest>
  <control namespace="mypcfcomponents" constructor="LinearInputControl" version="0.0.1" display-name-key="LinearInputControl" description-key="LinearInputControl description" control-type="standard" api-version="1.3.4">
    <external-service-usage enabled="false"/>
    <property name="sampleProperty" display-name-key="Property_Display_Key" description-key="Property_Desc_Key" of-type="SingleLine.Text" usage="bound" required="true"/>
    <resources>
      <code path="bundle.js" order="1"/>
      <css path="css/LinearInputControl.css" order="1"/>
    </resources>
    <built-by name="pac" version="1.16.6"/>
  </control>
</manifest>